id,prognosis
707,Rift_Valley_fever Japanese_encephalitis Tungiasis
708,Dengue Plague Chikungunya
709,West_Nile_fever Japanese_encephalitis Zika
710,Japanese_encephalitis Rift_Valley_fever Yellow_Fever
711,West_Nile_fever Malaria Plague
712,Malaria West_Nile_fever Zika
713,Malaria Japanese_encephalitis Zika
714,Dengue Chikungunya Tungiasis
715,Yellow_Fever Malaria Japanese_encephalitis
716,Malaria Yellow_Fever Plague
717,Tungiasis Japanese_encephalitis Dengue
718,Rift_Valley_fever Zika Japanese_encephalitis
719,Rift_Valley_fever West_Nile_fever Japanese_encephalitis
720,Chikungunya Dengue Plague
721,Plague West_Nile_fever Zika
722,Japanese_encephalitis Zika Plague
723,West_Nile_fever Plague Yellow_Fever
724,Tungiasis Rift_Valley_fever Dengue
725,Plague Chikungunya Dengue
726,Plague Lyme_disease Rift_Valley_fever
727,Malaria Lyme_disease West_Nile_fever
728,Yellow_Fever Plague West_Nile_fever
729,Japanese_encephalitis West_Nile_fever Lyme_disease
730,Lyme_disease Malaria Plague
731,Chikungunya West_Nile_fever Dengue
732,Dengue Chikungunya Rift_Valley_fever
733,Japanese_encephalitis West_Nile_fever Malaria
734,West_Nile_fever Yellow_Fever Malaria
735,Zika Yellow_Fever Malaria
736,Japanese_encephalitis Lyme_disease West_Nile_fever
737,Zika Yellow_Fever Plague
738,Tungiasis Dengue Rift_Valley_fever
739,Lyme_disease Rift_Valley_fever West_Nile_fever
740,Lyme_disease Malaria Plague
741,Lyme_disease Malaria Plague
742,West_Nile_fever Lyme_disease Zika
743,Japanese_encephalitis Zika Plague
744,West_Nile_fever Japanese_encephalitis Plague
745,Lyme_disease Japanese_encephalitis Plague
746,West_Nile_fever Japanese_encephalitis Lyme_disease
747,Lyme_disease Malaria West_Nile_fever
748,Chikungunya Dengue Tungiasis
749,Yellow_Fever Malaria Japanese_encephalitis
750,Zika Yellow_Fever West_Nile_fever
751,Chikungunya Dengue West_Nile_fever
752,Rift_Valley_fever West_Nile_fever Japanese_encephalitis
753,Chikungunya Dengue Plague
754,Lyme_disease West_Nile_fever Plague
755,Malaria Yellow_Fever Japanese_encephalitis
756,Tungiasis West_Nile_fever Rift_Valley_fever
757,Malaria Rift_Valley_fever Zika
758,Rift_Valley_fever Tungiasis Japanese_encephalitis
759,Lyme_disease West_Nile_fever Plague
760,Yellow_Fever Plague West_Nile_fever
761,Dengue Rift_Valley_fever Zika
762,Lyme_disease Malaria West_Nile_fever
763,Dengue Chikungunya West_Nile_fever
764,Chikungunya Dengue West_Nile_fever
765,Dengue West_Nile_fever Rift_Valley_fever
766,Dengue Tungiasis Rift_Valley_fever
767,Lyme_disease Malaria Plague
768,Plague West_Nile_fever Japanese_encephalitis
769,Lyme_disease Malaria West_Nile_fever
770,Chikungunya Dengue Plague
771,Tungiasis Rift_Valley_fever Dengue
772,Japanese_encephalitis Zika Plague
773,West_Nile_fever Japanese_encephalitis Zika
774,West_Nile_fever Rift_Valley_fever Plague
775,Rift_Valley_fever Dengue Japanese_encephalitis
776,Tungiasis Dengue Rift_Valley_fever
777,West_Nile_fever Yellow_Fever Tungiasis
778,Yellow_Fever Japanese_encephalitis Zika
779,Malaria Plague Japanese_encephalitis
780,Rift_Valley_fever Dengue Malaria
781,Japanese_encephalitis Yellow_Fever Lyme_disease
782,Chikungunya West_Nile_fever Dengue
783,Zika Japanese_encephalitis Rift_Valley_fever
784,Japanese_encephalitis Rift_Valley_fever Tungiasis
785,Yellow_Fever Zika Plague
786,Plague Lyme_disease West_Nile_fever
787,Zika West_Nile_fever Plague
788,Tungiasis Yellow_Fever Japanese_encephalitis
789,Japanese_encephalitis Yellow_Fever Rift_Valley_fever
790,Japanese_encephalitis West_Nile_fever Yellow_Fever
791,Japanese_encephalitis Rift_Valley_fever West_Nile_fever
792,Malaria Lyme_disease West_Nile_fever
793,Plague Lyme_disease West_Nile_fever
794,Chikungunya Dengue Japanese_encephalitis
795,Dengue Tungiasis Japanese_encephalitis
796,Plague Malaria Lyme_disease
797,Rift_Valley_fever West_Nile_fever Lyme_disease
798,Plague West_Nile_fever Dengue
799,Zika Yellow_Fever Japanese_encephalitis
800,Tungiasis Dengue West_Nile_fever
801,Rift_Valley_fever Malaria Yellow_Fever
802,Chikungunya Dengue West_Nile_fever
803,Yellow_Fever Lyme_disease Plague
804,West_Nile_fever Japanese_encephalitis Zika
805,Malaria Japanese_encephalitis West_Nile_fever
806,West_Nile_fever Plague Yellow_Fever
807,Japanese_encephalitis Plague Lyme_disease
808,Japanese_encephalitis Tungiasis Rift_Valley_fever
809,Malaria West_Nile_fever Rift_Valley_fever
810,Rift_Valley_fever Yellow_Fever West_Nile_fever
811,Tungiasis Rift_Valley_fever Dengue
812,Chikungunya Dengue Plague
813,Japanese_encephalitis Rift_Valley_fever Tungiasis
814,Rift_Valley_fever Japanese_encephalitis West_Nile_fever
815,Zika Yellow_Fever Rift_Valley_fever
816,Malaria Zika West_Nile_fever
817,Zika West_Nile_fever Plague
818,Tungiasis Dengue Japanese_encephalitis
819,Japanese_encephalitis Malaria Tungiasis
820,Tungiasis Dengue Rift_Valley_fever
821,Plague West_Nile_fever Zika
822,Dengue Rift_Valley_fever West_Nile_fever
823,Plague Yellow_Fever West_Nile_fever
824,Chikungunya Rift_Valley_fever Tungiasis
825,Rift_Valley_fever Dengue Japanese_encephalitis
826,Rift_Valley_fever West_Nile_fever Japanese_encephalitis
827,West_Nile_fever Japanese_encephalitis Rift_Valley_fever
828,Chikungunya Dengue Rift_Valley_fever
829,Plague Zika Yellow_Fever
830,West_Nile_fever Rift_Valley_fever Japanese_encephalitis
831,West_Nile_fever Japanese_encephalitis Dengue
832,Japanese_encephalitis Yellow_Fever Rift_Valley_fever
833,Tungiasis Dengue Rift_Valley_fever
834,Japanese_encephalitis Rift_Valley_fever West_Nile_fever
835,Chikungunya Dengue Japanese_encephalitis
836,Tungiasis West_Nile_fever Japanese_encephalitis
837,Lyme_disease Malaria Plague
838,Plague Dengue Chikungunya
839,West_Nile_fever Plague Yellow_Fever
840,Lyme_disease Malaria Plague
841,Yellow_Fever Japanese_encephalitis Dengue
842,Lyme_disease Malaria West_Nile_fever
843,Rift_Valley_fever West_Nile_fever Japanese_encephalitis
844,Tungiasis Rift_Valley_fever Japanese_encephalitis
845,Tungiasis Japanese_encephalitis Rift_Valley_fever
846,Chikungunya Dengue Japanese_encephalitis
847,Malaria Plague West_Nile_fever
848,Japanese_encephalitis West_Nile_fever Zika
849,Malaria Plague Japanese_encephalitis
850,West_Nile_fever Dengue Rift_Valley_fever
851,Yellow_Fever Malaria West_Nile_fever
852,Dengue Chikungunya Plague
853,Dengue Rift_Valley_fever Tungiasis
854,Japanese_encephalitis Lyme_disease Malaria
855,West_Nile_fever Lyme_disease Zika
856,Yellow_Fever Zika West_Nile_fever
857,Chikungunya West_Nile_fever Malaria
858,Tungiasis Rift_Valley_fever Dengue
859,Malaria Plague Lyme_disease
860,West_Nile_fever Zika Yellow_Fever
861,Rift_Valley_fever Chikungunya Dengue
862,Lyme_disease Malaria West_Nile_fever
863,Rift_Valley_fever Dengue Japanese_encephalitis
864,Chikungunya Dengue Japanese_encephalitis
865,West_Nile_fever Rift_Valley_fever Plague
866,Chikungunya Dengue West_Nile_fever
867,Plague West_Nile_fever Japanese_encephalitis
868,Chikungunya Dengue Plague
869,Tungiasis Zika Japanese_encephalitis
870,Chikungunya Rift_Valley_fever Tungiasis
871,Chikungunya Dengue Japanese_encephalitis
872,Yellow_Fever Japanese_encephalitis Plague
873,Plague Yellow_Fever Malaria
874,Chikungunya Dengue West_Nile_fever
875,Japanese_encephalitis Rift_Valley_fever Dengue
876,Yellow_Fever Japanese_encephalitis Plague
877,Japanese_encephalitis Tungiasis Zika
878,West_Nile_fever Zika Rift_Valley_fever
879,Japanese_encephalitis Plague Yellow_Fever
880,West_Nile_fever Plague Rift_Valley_fever
881,Tungiasis Dengue Rift_Valley_fever
882,Malaria Lyme_disease Rift_Valley_fever
883,Chikungunya Dengue Japanese_encephalitis
884,Lyme_disease Plague West_Nile_fever
885,Rift_Valley_fever West_Nile_fever Japanese_encephalitis
886,Tungiasis Dengue Rift_Valley_fever
887,Chikungunya Dengue Plague
888,West_Nile_fever Japanese_encephalitis Rift_Valley_fever
889,Chikungunya Dengue Rift_Valley_fever
890,Malaria Dengue Plague
891,Rift_Valley_fever Dengue Japanese_encephalitis
892,Japanese_encephalitis Lyme_disease West_Nile_fever
893,Plague Malaria Yellow_Fever
894,Chikungunya Tungiasis Rift_Valley_fever
895,Chikungunya Rift_Valley_fever Dengue
896,Plague West_Nile_fever Zika
897,Lyme_disease Plague Malaria
898,Japanese_encephalitis Tungiasis Rift_Valley_fever
899,Malaria Lyme_disease Japanese_encephalitis
900,Yellow_Fever Zika Rift_Valley_fever
901,Plague Yellow_Fever Malaria
902,Yellow_Fever Malaria West_Nile_fever
903,Zika Japanese_encephalitis Yellow_Fever
904,Lyme_disease Malaria West_Nile_fever
905,Yellow_Fever Japanese_encephalitis Plague
906,Lyme_disease Malaria Plague
907,Rift_Valley_fever Zika Malaria
908,Chikungunya Japanese_encephalitis Dengue
909,Chikungunya Dengue Plague
910,Malaria Plague Yellow_Fever
911,Lyme_disease Malaria West_Nile_fever
912,West_Nile_fever Rift_Valley_fever Tungiasis
913,Japanese_encephalitis Tungiasis West_Nile_fever
914,Yellow_Fever Zika Malaria
915,Malaria Zika Plague
916,Tungiasis Japanese_encephalitis Rift_Valley_fever
917,Zika Plague Yellow_Fever
918,Dengue West_Nile_fever Zika
919,Plague Yellow_Fever Malaria
920,Lyme_disease Plague Yellow_Fever
921,Chikungunya Dengue West_Nile_fever
922,Chikungunya Dengue Japanese_encephalitis
923,Plague Malaria Rift_Valley_fever
924,Tungiasis Japanese_encephalitis Zika
925,Japanese_encephalitis Dengue Rift_Valley_fever
926,Dengue Tungiasis Chikungunya
927,Yellow_Fever Lyme_disease Zika
928,Japanese_encephalitis Zika Yellow_Fever
929,Dengue Chikungunya Yellow_Fever
930,Japanese_encephalitis Lyme_disease West_Nile_fever
931,Tungiasis Chikungunya Rift_Valley_fever
932,West_Nile_fever Rift_Valley_fever Japanese_encephalitis
933,Rift_Valley_fever Malaria West_Nile_fever
934,Lyme_disease Plague West_Nile_fever
935,Chikungunya Dengue Rift_Valley_fever
936,West_Nile_fever Lyme_disease Zika
937,Plague Lyme_disease Malaria
938,Tungiasis Dengue West_Nile_fever
939,Plague West_Nile_fever Yellow_Fever
940,Tungiasis Dengue West_Nile_fever
941,Lyme_disease Malaria Plague
942,Chikungunya Japanese_encephalitis Dengue
943,Zika Yellow_Fever Plague
944,Japanese_encephalitis Yellow_Fever Plague
945,Dengue Plague Malaria
946,Malaria Plague West_Nile_fever
947,Zika West_Nile_fever Yellow_Fever
948,Plague West_Nile_fever Dengue
949,Tungiasis Dengue Rift_Valley_fever
950,West_Nile_fever Yellow_Fever Zika
951,Malaria Lyme_disease West_Nile_fever
952,Rift_Valley_fever Dengue Plague
953,West_Nile_fever Yellow_Fever Japanese_encephalitis
954,Dengue Plague Yellow_Fever
955,West_Nile_fever Dengue Rift_Valley_fever
956,West_Nile_fever Japanese_encephalitis Zika
957,Zika Japanese_encephalitis West_Nile_fever
958,Chikungunya Dengue Plague
959,Tungiasis Dengue Chikungunya
960,Rift_Valley_fever Japanese_encephalitis Dengue
961,Chikungunya Rift_Valley_fever Dengue
962,Plague Japanese_encephalitis Yellow_Fever
963,West_Nile_fever Zika Japanese_encephalitis
964,Yellow_Fever West_Nile_fever Lyme_disease
965,Malaria West_Nile_fever Zika
966,Lyme_disease Yellow_Fever West_Nile_fever
967,West_Nile_fever Lyme_disease Japanese_encephalitis
968,Lyme_disease West_Nile_fever Malaria
969,Japanese_encephalitis Tungiasis West_Nile_fever
970,West_Nile_fever Tungiasis Dengue
971,Tungiasis Rift_Valley_fever Dengue
972,Yellow_Fever Zika Japanese_encephalitis
973,Dengue Rift_Valley_fever Plague
974,Lyme_disease Malaria Plague
975,Lyme_disease West_Nile_fever Malaria
976,Japanese_encephalitis West_Nile_fever Plague
977,Yellow_Fever Japanese_encephalitis Zika
978,Rift_Valley_fever Malaria Japanese_encephalitis
979,West_Nile_fever Plague Malaria
980,Zika West_Nile_fever Yellow_Fever
981,Rift_Valley_fever Yellow_Fever Japanese_encephalitis
982,Malaria Yellow_Fever Rift_Valley_fever
983,Tungiasis Rift_Valley_fever Dengue
984,Lyme_disease Plague Malaria
985,Malaria West_Nile_fever Japanese_encephalitis
986,Rift_Valley_fever Dengue Chikungunya
987,Malaria Rift_Valley_fever Japanese_encephalitis
988,Chikungunya Dengue Rift_Valley_fever
989,Rift_Valley_fever Japanese_encephalitis Zika
990,Japanese_encephalitis Rift_Valley_fever Dengue
991,Japanese_encephalitis West_Nile_fever Rift_Valley_fever
992,Rift_Valley_fever Zika West_Nile_fever
993,Yellow_Fever Zika Japanese_encephalitis
994,Malaria Japanese_encephalitis Plague
995,Rift_Valley_fever Dengue West_Nile_fever
996,Dengue West_Nile_fever Chikungunya
997,Rift_Valley_fever Japanese_encephalitis Dengue
998,Yellow_Fever West_Nile_fever Plague
999,Zika West_Nile_fever Malaria
1000,Tungiasis Dengue Japanese_encephalitis
1001,Plague West_Nile_fever Japanese_encephalitis
1002,Zika Plague Yellow_Fever
1003,West_Nile_fever Rift_Valley_fever Yellow_Fever
1004,West_Nile_fever Japanese_encephalitis Plague
1005,Yellow_Fever West_Nile_fever Zika
1006,Lyme_disease Malaria Plague
1007,West_Nile_fever Lyme_disease Malaria
1008,Rift_Valley_fever West_Nile_fever Zika
1009,Zika Japanese_encephalitis West_Nile_fever
